Store,weeks,average_weekly_sales,total_sales
1,143,1555264.3975524476,222402808.85
2,143,1925751.3355244757,275382440.98
3,143,402704.44104895106,57586735.07
4,143,2094712.9606993007,299543953.38
5,143,318011.8104895105,45475688.9
6,143,1564728.1862937063,223756130.64
7,143,570617.3086713287,81598275.14
8,143,908749.5183916084,129951181.13
9,143,543980.5523776223,77789218.99
10,143,1899424.5726573425,271617713.89
11,143,1356383.1244755245,193962786.8
12,143,1009001.6094405595,144287230.15
13,143,2003620.3062937064,286517703.8
14,143,2020978.4009790209,288999911.34
15,143,623312.474965035,89133683.92
16,143,519247.7300699301,74252425.4
17,143,893581.3904195804,127782138.83
18,143,1084718.421048951,155114734.21
19,143,1444999.0356643356,206634862.1
20,143,2107676.8703496503,301397792.46
21,143,756069.0833566433,108117878.92
22,143,1028501.0389510489,147075648.57
23,143,1389864.4604895106,198750617.85
24,143,1356755.3935664336,194016021.28
25,143,706721.5326573426,101061179.17
26,143,1002911.8446853146,143416393.79
27,143,1775216.2019580419,253855916.88
28,143,1323522.241818182,189263680.58
29,143,539451.4287412588,77141554.31
30,143,438579.6162237762,62716885.12
31,143,1395901.437062937,199613905.5
32,143,1166568.154965035,166819246.16
33,143,259861.69202797202,37160221.96
34,143,966781.5594405595,138249763.0
35,143,919724.9795804196,131520672.08
36,143,373511.9927972028,53412214.97
37,143,518900.2819580419,74202740.32
38,143,385731.6532867133,55159626.42
39,143,1450668.1291608391,207445542.47
40,143,964128.0404895104,137870309.79
41,143,1268125.418811189,181341934.89000002
42,143,556403.863146853,79565752.42999999
43,143,633324.7231468532,90565435.41
44,143,302748.86601398606,43293087.84
45,143,785981.4085314686,112395341.42
